title,year,imdbid,id,bechdelRating,imdbAverageRating,numVotes,runtimeMinutes,genre1,genre2,genre3,passed
18 Presents,2020,10816484,9136,3,6.9,4276,115.0,Drama,Family,Fantasy,1
A Quiet Place Part II,2020,8332922,9918,3,7.2,274635,97.0,Drama,Horror,Sci-Fi,1
ADN,2020,7600716,10933,3,5.9,1372,90.0,Drama,,,1
After Love,2020,10692788,10455,3,7.3,4329,89.0,Drama,,,1
All the Bright Places,2020,3907584,9036,3,6.6,38644,107.0,Drama,Romance,,1
Ammonite,2020,7983894,9490,3,6.5,23507,117.0,Drama,History,Romance,1
An American Pickle,2020,9059704,10028,1,5.7,26696,88.0,Comedy,Fantasy,,0
Antebellum,2020,10065694,10215,3,5.8,29891,105.0,Drama,Horror,Mystery,1
Artemis Fowl,2020,3089630,9208,3,4.3,30458,95.0,Adventure,Family,Fantasy,1
Ava,2020,8784956,10269,2,5.5,63112,96.0,Action,Drama,Thriller,0
Bad Boys For Life,2020,1502397,9071,2,6.5,175980,124.0,Action,Comedy,Crime,0
Bad Hair,2020,4798836,9317,3,5.6,4339,102.0,Comedy,Horror,Music,1
"Banker, The",2020,6285944,10642,1,7.3,35994,120.0,Biography,Drama,,0
Bill &amp; Ted Face the Music,2020,1086064,9255,3,5.9,53181,91.0,Adventure,Comedy,Music,1
Birds of Prey,2020,7713068,9008,3,6.1,265531,109.0,Action,Comedy,Crime,1
Blow the Man Down,2020,8299768,9079,3,6.4,12240,91.0,Comedy,Crime,Drama,1
Borat Subsequent Moviefilm,2020,13143964,9413,3,6.6,154189,95.0,Comedy,,,1
Boss Level,2020,7638348,10407,2,6.8,79580,100.0,Action,Adventure,Comedy,0
Breach,2020,9820556,9470,1,2.9,20012,92.0,Action,Horror,Sci-Fi,0
Cadaver,2020,11284280,9458,3,5.2,12393,86.0,Drama,Horror,Thriller,1
"Call, The",2020,10530176,9362,3,7.1,43942,112.0,Crime,Mystery,Sci-Fi,1
"Courier, The",2020,8368512,9606,3,7.2,74026,112.0,Drama,History,Mystery,1
"Craft: Legacy, The",2020,4685762,10072,3,4.6,16636,97.0,Drama,Fantasy,Horror,1
"Croods: A New Age, The",2020,2850386,9402,3,6.9,53294,95.0,Adventure,Animation,Comedy,1
Demon Slayer: Mugen Train,2020,11032374,10194,0,8.2,73445,117.0,Action,Adventure,Animation,0
Dolittle,2020,6673612,10176,3,5.6,71559,101.0,Adventure,Comedy,Family,1
Druk,2020,10288566,9305,1,7.7,196196,117.0,Drama,,,0
Emma.,2020,9214832,9058,3,6.7,63125,124.0,Comedy,Drama,Romance,1
Enola Holmes,2020,7846844,9283,3,6.6,220578,123.0,Action,Adventure,Crime,1
Eurovision Song Contest: The Story of Fire Saga,2020,8580274,9295,3,6.5,102895,123.0,Comedy,Music,,1
"Evil Next Door, The",2020,11320192,10005,3,5.2,2565,87.0,Horror,Mystery,Thriller,1
Extraction,2020,8936646,9118,3,6.8,264257,116.0,Action,Thriller,,1
Fantasy Island,2020,983946,9358,3,4.9,58297,109.0,Fantasy,Horror,Mystery,1
Four Good Days,2020,10344522,10758,3,6.6,12565,100.0,Drama,,,1
Freaky,2020,10919380,9341,3,6.3,72845,102.0,Comedy,Horror,Thriller,1
French Exit,2020,10279362,10232,3,5.9,8805,113.0,Comedy,Drama,,1
Friend of the World,2020,6074542,10040,3,5.5,90,50.0,Comedy,Horror,Sci-Fi,1
From Stress to Happiness,2020,13079086,9669,1,6.3,362,60.0,Documentary,,,0
Geenland,2020,7737786,10070,3,6.4,135560,119.0,Action,Thriller,,1
Godmothered,2020,11681250,9354,3,6.1,14021,110.0,Comedy,Drama,Family,1
Golden Arm,2020,9572534,10267,3,5.7,719,91.0,Comedy,,,1
Gretel &amp; Hansel,2020,9086228,9397,3,5.5,34167,87.0,Fantasy,Horror,Mystery,1
Greyhound,2020,6048922,9200,0,7.0,115441,91.0,Action,Drama,History,0
"Half of It, The",2020,9683478,9126,3,6.9,43523,104.0,Comedy,Drama,,1
Hamilton,2020,8503618,9225,3,8.3,114514,160.0,Biography,Drama,History,1
Happiest Season,2020,8522006,9395,3,6.6,47513,102.0,Comedy,Romance,,1
Herself,2020,9902160,9452,3,7.0,4739,97.0,Drama,,,1
"High Note, The",2020,9308382,9172,3,6.4,13483,113.0,Drama,Music,Romance,1
His House,2020,8508734,10388,3,6.5,48668,93.0,Drama,Horror,Thriller,1
Holidate,2020,9866072,9839,3,6.1,79182,104.0,Comedy,Romance,,1
Honey Boy,2020,8151874,8965,0,7.2,40956,94.0,Drama,,,0
Horse Girl,2020,11388406,9013,3,6.0,20465,103.0,Drama,Mystery,Thriller,1
Host,2020,12749596,9360,3,6.5,39794,57.0,Horror,Mystery,,1
How to Be a Good Wife,2020,10441958,9658,3,5.8,2221,109.0,Comedy,Drama,,1
"Hunt, The",2020,8244784,9179,3,6.6,129563,90.0,Action,Horror,Thriller,1
I Care a Lot,2020,9893250,9491,3,6.4,146664,118.0,Comedy,Crime,Drama,1
I&#39;m Thinking of Ending Things,2020,7939766,10140,0,6.5,100435,134.0,Drama,Thriller,,0
I&#39;m Your Woman,2020,10243992,9437,3,6.2,9970,120.0,Crime,Drama,,1
Infamous,2020,7703924,9493,3,4.3,3467,100.0,Crime,Drama,Romance,1
"Invisible Man, The",2020,1051906,9045,3,7.1,256765,124.0,Drama,Horror,Mystery,1
"Island of Lies, The",2020,9843470,10483,3,5.8,410,93.0,Drama,,,1
Jiang Ziya: Legend of Deification,2020,11177804,10066,2,6.5,2250,110.0,Action,Adventure,Animation,0
Jiu Jitsu,2020,9624766,9342,1,2.9,10381,102.0,Action,Sci-Fi,Thriller,0
June Again,2020,9729768,10276,1,7.2,1703,99.0,Drama,,,0
Kajillionaire,2020,8143990,10437,3,6.4,22165,104.0,Comedy,Crime,Drama,1
"King of Staten Island, The",2020,9686708,9285,3,7.1,77072,136.0,Comedy,Drama,,1
Legacy of Lies,2020,6834916,9224,3,5.1,4339,101.0,Action,Thriller,,1
Like a Boss,2020,7545266,8964,3,4.7,15326,83.0,Comedy,,,1
Limbo,2020,9138170,10740,0,7.2,5310,104.0,Comedy,Drama,,0
Lost Girls,2020,3111426,9037,3,6.2,25067,95.0,Crime,Drama,Mystery,1
"Lost Husband, The",2020,4257940,9492,3,6.1,5772,109.0,Drama,Romance,,1
Love and Monsters,2020,2222042,9661,2,6.9,145978,109.0,Action,Adventure,Comedy,0
Ludo,2020,7212754,9345,3,7.6,43501,150.0,Action,Comedy,Crime,1
Ma Rainey&#39;s Black Bottom,2020,10514222,9475,3,6.9,58057,94.0,Drama,Music,,1
Made in Abyss:Dawn of the Deep Soul,2020,10068916,11261,1,8.0,5584,113.0,Adventure,Animation,Drama,0
Mainstream,2020,9224288,9987,3,5.0,5337,94.0,Comedy,Drama,,1
Malmkrog,2020,10213380,9608,3,6.6,1363,201.0,Drama,History,,1
Mank,2020,10618286,9467,1,6.8,82944,131.0,Biography,Comedy,Drama,0
"Marijuana Conspiracy , The",2020,8461042,8859,3,5.5,209,124.0,Drama,,,1
"Midnight Sky, The",2020,10539608,9403,3,5.7,89624,118.0,Adventure,Drama,Sci-Fi,1
Minari,2020,10633456,9017,3,7.4,97774,115.0,Drama,,,1
Misbehaviour,2020,9148706,9716,3,6.3,10597,106.0,Comedy,Drama,History,1
Miss Juneteenth,2020,11394158,10962,3,6.5,2179,99.0,Drama,,,1
Monster Hunter,2020,6475714,9496,3,5.2,68322,103.0,Action,Adventure,Fantasy,1
Mulan,2020,4566758,9265,3,5.8,159430,115.0,Action,Adventure,Drama,1
Murder Bury Win,2020,8592498,11001,0,5.4,365,90.0,Comedy,Crime,Drama,0
My Salinger Year,2020,2222052,9893,3,6.5,6857,101.0,Drama,,,1
My Spy,2020,8242084,9096,3,6.3,34612,99.0,Action,Comedy,,1
Never Rarely Sometimes Always,2020,7772582,9195,3,7.4,31230,101.0,Drama,,,1
"New Mutants, The",2020,4682266,9284,3,5.3,90021,94.0,Action,Horror,Mystery,1
News of the World,2020,6878306,9449,3,6.8,95859,118.0,Action,Adventure,Drama,1
Nomadland,2020,9770150,9482,3,7.3,184169,107.0,Drama,,,1
"Old Guard, The",2020,7556122,9199,3,6.7,184391,125.0,Action,Thriller,,1
One Night in Miami...,2020,10612922,9925,2,7.1,34350,114.0,Drama,,,0
Onward,2020,7146812,9034,3,7.4,170751,102.0,Adventure,Animation,Comedy,1
Over the Moon,2020,7488208,9320,3,6.3,25066,95.0,Adventure,Animation,Comedy,1
Palm Springs,2020,9484998,9197,3,7.4,183722,90.0,Comedy,Fantasy,Mystery,1
Penguin Bloom,2020,6317656,9499,3,6.8,12379,95.0,Biography,Drama,Family,1
Phineas and Ferb the Movie: Candace Against the Universe,2020,1817232,9271,3,7.0,5479,86.0,Adventure,Animation,Comedy,1
Pieces of a Woman,2020,11161474,9438,3,7.0,56420,126.0,Drama,,,1
Platzspitzbaby,2020,9737798,9009,3,7.2,1019,98.0,Drama,,,1
"Prom, The",2020,10161886,9393,3,5.9,29309,130.0,Comedy,Drama,Musical,1
Promising Young Woman,2020,9620292,9483,3,7.5,212874,113.0,Crime,Drama,Mystery,1
Relic,2020,9072352,9391,3,6.0,30382,89.0,Drama,Horror,Mystery,1
"Rental, The",2020,10003008,11005,3,5.7,38397,88.0,Drama,Horror,Mystery,1
"Retreat, The",2020,12198524,9786,0,4.3,1052,88.0,Horror,Mystery,,0
"Rhythm Section, The",2020,7134096,8994,2,5.4,19692,109.0,Action,Drama,Mystery,0
Run,2020,8633478,9474,3,6.7,96415,90.0,Mystery,Thriller,,1
Run Hide Fight,2020,11456054,9444,3,6.3,27553,109.0,Action,Crime,Drama,1
Santana,2020,11769162,9353,1,3.9,1055,106.0,Action,Crime,Drama,0
Save Yourselves!,2020,7873348,10182,3,5.8,8498,93.0,Adventure,Comedy,Sci-Fi,1
Scare Me,2020,10126434,9318,1,5.7,5049,104.0,Comedy,Horror,,0
Scare Package,2020,7521214,10769,3,5.4,5080,107.0,Comedy,Horror,,1
Scoob,2020,3152592,9138,3,5.6,30146,93.0,Adventure,Animation,Comedy,1
Shadow in the Cloud,2020,9691136,9835,0,5.0,30958,83.0,Action,Horror,War,0
Shirley,2020,8430598,9164,3,6.1,13389,107.0,Biography,Drama,Mystery,1
Shiva Baby,2020,11317142,11196,3,7.1,33579,77.0,Comedy,Drama,,1
Silver Skates,2020,10525672,10211,2,7.1,7668,130.0,Adventure,Drama,Family,0
Slaxx,2020,9741310,9640,3,5.4,4191,77.0,Comedy,Horror,,1
Sonic the Hedgehog,2020,3794354,9014,3,6.5,160402,99.0,Action,Adventure,Comedy,1
Soul,2020,2948372,9508,3,8.0,381625,100.0,Adventure,Animation,Comedy,1
Spree,2020,11394332,10425,3,5.9,16842,93.0,Comedy,Crime,Horror,1
Sputnik,2020,11905962,9281,0,6.4,27394,113.0,Drama,Horror,Mystery,0
Stargirl,2020,4858674,9085,3,6.2,6167,107.0,Comedy,Drama,Family,1
Summer of 85,2020,10457128,9717,1,6.9,13449,101.0,Drama,Romance,,0
Summerland,2020,6841122,9310,1,7.0,9332,99.0,Drama,Romance,War,0
Summertime,2020,11394340,11153,3,6.4,541,95.0,Comedy,Drama,Music,1
Superintelligence,2020,7178640,9421,3,5.4,13249,106.0,Action,Comedy,Romance,1
Swimming for Gold,2020,10782876,10418,1,5.5,633,91.0,Family,Sport,,0
Tenet,2020,6723592,9252,1,7.3,595420,150.0,Action,Sci-Fi,Thriller,0
To All the Boys: P.S. I Still Love You,2020,9354842,9972,3,6.1,46758,101.0,Comedy,Drama,Romance,1
Tout simplement noir,2020,10426916,9201,1,6.4,2373,90.0,Comedy,,,0
Tove,2020,11007444,10324,3,6.8,3819,103.0,Biography,Drama,,1
Train to Busan Presents: Peninsula,2020,8850222,9461,3,5.5,38026,116.0,Action,Horror,Thriller,1
"Trial of the Chicago 7, The",2020,1070874,9313,1,7.7,193909,129.0,Drama,History,Thriller,0
Trolls World Tour,2020,6587640,9087,3,6.1,29087,91.0,Adventure,Animation,Comedy,1
"Turning, The",2020,7510346,9003,3,3.9,16192,94.0,Drama,Horror,Mystery,1
Underwater,2020,5774060,9233,3,5.9,97930,95.0,Action,Horror,Sci-Fi,1
Unhinged,2020,10059518,9921,3,6.0,77101,90.0,Action,Thriller,,1
Unpregnant,2020,10556022,9456,3,6.5,9876,103.0,Comedy,Drama,,1
We Can Be Heroes,2020,10600398,10293,3,4.7,17220,100.0,Action,Comedy,Drama,1
"Witches, The",2020,805647,9347,2,5.4,46758,106.0,Adventure,Comedy,Family,0
Wolfwalkers,2020,5198068,9367,3,8.0,38865,103.0,Action,Adventure,Animation,1
"Woman Who Ran, The",2020,11697690,10212,3,6.7,3619,77.0,Drama,,,1
Wonder Woman 1984,2020,7126948,9405,3,5.4,292485,151.0,Action,Adventure,Fantasy,1
Woodland,2020,4569374,10910,1,5.1,1031,87.0,Thriller,,,0
Work It,2020,10276470,9234,3,6.1,15703,93.0,Comedy,Music,,1
Zola,2020,5439812,10927,3,6.5,17902,86.0,Comedy,Crime,Drama,1
Zombies 2,2020,9766166,9039,3,5.7,3777,84.0,Comedy,Family,Fantasy,1
"last days of american crime, The",2020,1552211,9165,0,3.8,12472,148.0,Action,Crime,Drama,0
one night in san diego,2020,9765226,10038,2,3.5,575,85.0,Comedy,,,0
"world to come, The",2020,9738716,10127,3,6.4,11132,105.0,Drama,History,Western,1
13 Minutes,2021,9274670,10196,3,4.7,5252,108.0,Action,Drama,Thriller,1
7 Women and a Murder,2021,15206378,10688,3,5.4,6344,82.0,Comedy,Crime,Mystery,1
A Classic Horror Story,2021,12877640,10177,3,5.7,22015,95.0,Drama,Horror,Mystery,1
After We Fell,2021,13069986,10233,1,4.8,20393,98.0,Drama,Romance,,0
After Yang,2021,8633464,10800,1,6.6,23135,96.0,Drama,Sci-Fi,,0
Afterlife of the Party,2021,11742798,10046,3,5.8,10681,109.0,Comedy,Drama,Fantasy,1
Ajeeb Daastaans,2021,14091818,9667,3,6.7,6391,142.0,Drama,Romance,,1
America: The Motion Picture,2021,6733874,9924,3,5.6,7431,98.0,Action,Adventure,Animation,1
Army of Thieves,2021,13024674,10440,3,6.4,89251,127.0,Action,Comedy,Crime,1
Army of the Dead,2021,993840,10113,3,5.8,189057,148.0,Action,Crime,Drama,1
Back to the Outback,2021,13575806,10385,3,6.5,10559,95.0,Adventure,Animation,Comedy,1
Barb and Star Go to Vista Del Mar,2021,3797512,9713,3,6.3,20108,107.0,Comedy,Fantasy,,1
"Batman: The Long Halloween, Part One",2021,14324650,10373,3,7.2,20072,85.0,Action,Animation,Crime,1
"Batman: The Long Halloween, Part Two",2021,14402926,10377,1,7.2,16877,87.0,Action,Animation,Crime,0
Being The Ricardos,2021,4995540,10199,3,6.5,44774,131.0,Biography,Drama,,1
Belfast,2021,12789558,10213,1,7.2,92990,98.0,Biography,Drama,Romance,0
Belle,2021,13651628,10473,3,7.1,17283,121.0,Adventure,Animation,Drama,1
Bem Bom,2021,11621960,10566,3,6.5,760,111.0,Drama,Music,Romance,1
Benedetta,2021,6823148,10367,3,6.7,25653,131.0,Biography,Drama,Romance,1
Black Box,2021,10341034,10431,1,7.2,15180,129.0,Drama,Mystery,Thriller,0
Black Widow,2021,3480822,9953,3,6.7,428052,134.0,Action,Adventure,Sci-Fi,1
Boiling Point,2021,11127680,10200,3,7.5,42670,92.0,Drama,Thriller,,1
Borga,2021,5492808,10120,3,6.1,256,104.0,Drama,,,1
Bull,2021,13266998,10454,1,6.5,8416,88.0,Crime,Horror,Thriller,0
CODA,2021,10366460,10076,3,8.0,165845,111.0,Comedy,Drama,Music,1
"Card Counter, The",2021,11196036,10360,1,6.2,43182,111.0,Crime,Drama,Thriller,0
Chaos Walking,2021,2076822,11264,3,5.7,56465,109.0,Action,Adventure,Fantasy,1
Cherry,2021,9130508,9571,0,6.6,37546,142.0,Biography,Crime,Drama,0
Cinderella,2021,10155932,10036,3,4.4,46882,112.0,Comedy,Family,Fantasy,1
Clifford The Big Red Dog,2021,2397461,10826,1,5.9,17174,96.0,Adventure,Comedy,Family,0
Coming 2 America,2021,6802400,9519,3,5.3,75691,110.0,Comedy,Music,,1
"Conjuring: The Devil Made Me Do It, The",2021,7069210,9914,1,6.3,139830,112.0,Horror,Mystery,Thriller,0
Cousins,2021,10483044,9647,3,6.9,674,98.0,Drama,,,1
Cruella,2021,3228774,9861,3,7.3,266917,134.0,Adventure,Comedy,Crime,1
Cyrano,2021,12889404,10682,2,6.4,14955,123.0,Drama,Musical,Romance,0
Dark Web: Cicada 3301,2021,8110246,10309,3,5.0,2515,104.0,Action,Comedy,Thriller,1
Dear Evan Hansen,2021,9357050,10224,1,6.1,18699,137.0,Drama,Musical,,0
Don&#146;t Look Up,2021,11286314,10168,3,7.2,604566,138.0,Comedy,Drama,Sci-Fi,1
Drive My Car,2021,14039582,10014,3,7.5,66450,179.0,Drama,,,1
"Dry, The",2021,5144174,9498,3,6.9,33457,117.0,Crime,Drama,Mystery,1
Dune,2021,1160419,10052,3,8.0,868809,155.0,Action,Adventure,Drama,1
Encanto,2021,2953050,10151,3,7.2,263660,102.0,Animation,Comedy,Family,1
Enqu&ecirc;te sur un scandale d&#39;&eacute;tat,2021,8415986,11246,1,5.9,809,121.0,Crime,Drama,Thriller,0
Escape Room: Tournament of Champions,2021,9844522,10043,3,5.7,59894,88.0,Action,Adventure,Horror,1
Eternals,2021,9032400,10118,3,6.3,387581,156.0,Action,Adventure,Fantasy,1
Evangelion: 3.0+1.01 Thrice Upon a Time,2021,2458948,11185,3,8.0,14330,155.0,Action,Animation,Drama,1
Every Time a Bell Rings,2021,15943414,10158,3,6.0,1003,84.0,Romance,,,1
Everything Will Change,2021,13086274,10590,0,6.1,194,93.0,Drama,Sci-Fi,,0
"Eyes of Tammy Faye, The",2021,9115530,10047,3,6.6,39078,126.0,Biography,Drama,Romance,1
F9 - The Fast Saga,2021,5433138,9917,3,5.2,162930,143.0,Action,Crime,Thriller,1
Farha,2021,11555492,10830,3,8.1,88909,92.0,Drama,,,1
Fatherhood,2021,4733624,9913,3,6.6,42784,109.0,Comedy,Drama,,1
Fear Street: Part One - 1994,2021,6566576,9963,3,6.2,94695,107.0,Drama,Horror,Mystery,1
Fear Street: Part Three - 1666,2021,9701942,10006,3,6.6,63866,114.0,Horror,Mystery,,1
Fear Street: Part Two - 1978,2021,9701940,9965,3,6.7,76736,109.0,Drama,Horror,Mystery,1
Finding &#39;Ohana,2021,10332588,9473,3,6.1,11696,123.0,Action,Adventure,Comedy,1
Flashback,2021,14371426,10261,3,6.1,921,94.0,Comedy,Sci-Fi,,1
France,2021,9714030,10537,3,5.9,4709,133.0,Comedy,Drama,,1
Free Guy,2021,6264654,10012,1,7.1,428610,115.0,Action,Adventure,Comedy,0
"French Dispatch, The",2021,8847712,10115,3,7.1,151258,107.0,Comedy,Drama,Romance,1
G&ucirc;zen to s&ocirc;z&ocirc; [Wheel of Fortune and Fantasy],2021,14034966,10355,3,7.5,9906,121.0,Drama,Romance,,1
Ghostbusters: Afterlife,2021,4513678,10361,3,7.0,220823,124.0,Adventure,Comedy,Fantasy,1
Godzilla Vs Kong,2021,5034838,10259,3,6.3,243854,113.0,Action,Sci-Fi,Thriller,1
Good on Paper,2021,8231668,10017,3,5.6,13980,92.0,Comedy,Romance,,1
Great Freedom,2021,14775784,10307,0,7.5,7406,116.0,Drama,,,0
"Green Knight, The",2021,9243804,10015,1,6.6,118678,130.0,Adventure,Drama,Fantasy,0
"Guilty, The",2021,9421570,10079,1,6.3,149697,90.0,Crime,Drama,Thriller,0
Gunpowder Milkshake,2021,8368408,9997,3,6.1,51433,114.0,Action,Crime,Thriller,1
"Harder They Fall, The",2021,10696784,10123,3,6.6,71459,139.0,Action,Drama,Western,1
"Hating Game, The",2021,8718158,10520,3,6.2,27184,102.0,Comedy,Romance,,1
Hear Me Out,2021,14371818,10604,3,6.4,733,93.0,Comedy,Romance,,1
High Ground,2021,9286908,9500,2,6.5,2513,104.0,Action,Drama,Thriller,0
"Hill Where Lionesses Roar, The",2021,11379572,10808,3,6.0,408,83.0,Drama,,,1
Hiraeth,2021,4552196,10285,3,8.0,10,,Drama,,,1
"Hitman&#39;s Wife&#39;s Bodyguard, The",2021,8385148,9984,0,6.1,108288,100.0,Action,Comedy,Crime,0
House of Gucci,2021,11214590,10459,2,6.6,160481,158.0,Biography,Crime,Drama,0
In the Heights,2021,1321510,9889,3,7.3,52252,143.0,Drama,Musical,Romance,1
"Influencer, The",2021,10868922,10023,3,3.7,149,90.0,Comedy,Drama,Thriller,1
Injustice,2021,5012504,10380,1,6.4,16142,78.0,Action,Adventure,Animation,0
Inmersi&oacute;n,2021,13845792,10660,1,5.6,418,82.0,Thriller,,,0
Jolt,2021,10228134,10399,3,5.6,35496,91.0,Action,Comedy,Crime,1
Judas and The Black Messiah,2021,9784798,9513,2,7.4,91736,126.0,Biography,Drama,History,0
Jujutsu Kaisen 0,2021,14331144,10618,1,7.8,38693,112.0,Action,Animation,Fantasy,0
Jungle Cruise,2021,870154,9996,3,6.6,213257,127.0,Action,Adventure,Comedy,1
Kate,2021,7737528,10172,2,6.2,70783,106.0,Action,Adventure,Crime,0
King Richard,2021,9620288,10458,3,7.5,137695,144.0,Biography,Drama,Sport,1
"King&#39;s Man, The",2021,6856242,10216,1,6.3,174481,131.0,Action,Adventure,Thriller,0
"Kissing Booth 3, The",2021,12783454,10050,3,4.8,22148,112.0,Comedy,Romance,,1
Lamb,2021,9812474,10364,1,6.3,38662,106.0,Drama,Fantasy,Horror,0
"Last Duel, The",2021,4244994,10085,3,7.4,183167,152.0,Action,Drama,History,1
Last Night in Soho,2021,9639470,10116,3,7.0,178280,116.0,Drama,Horror,Mystery,1
Licorice Pizza,2021,11271038,10185,3,7.1,140763,133.0,Comedy,Drama,Romance,1
"Little Things, The",2021,10016180,10027,3,6.3,127372,128.0,Crime,Drama,Mystery,1
"Lost Daughter, The",2021,9100054,10129,3,6.7,75401,121.0,Drama,,,1
Love Hard,2021,10752004,10152,2,6.3,61791,104.0,Comedy,Romance,,0
Luca,2021,12801262,9964,1,7.4,195475,95.0,Adventure,Animation,Comedy,0
Madame Claude,2021,10307724,10019,3,5.4,4056,112.0,Biography,Crime,Drama,1
Malignant,2021,3811906,10048,3,6.2,109908,111.0,Crime,Horror,Mystery,1
"Many Saints of Newark, The",2021,8110232,10074,2,6.3,63537,120.0,Crime,Drama,,0
"Marksman, The",2021,6902332,10009,2,5.7,43412,108.0,Action,Drama,Thriller,0
Mass,2021,11389748,10206,3,7.6,17569,111.0,Drama,,,1
"Matrix Resurrections, The",2021,10838180,10167,3,5.7,280940,148.0,Action,Sci-Fi,,1
"Mauritanian, The",2021,4761112,9612,3,7.5,62212,129.0,Biography,Crime,Drama,1
Memoria,2021,8399288,10337,3,6.5,11208,136.0,Drama,Mystery,Sci-Fi,1
"Mitchells vs the Machines, The",2021,7979580,9799,3,7.6,127460,114.0,Adventure,Animation,Comedy,1
Mortal Kombat,2021,293429,9682,2,6.0,190806,110.0,Action,Adventure,Fantasy,0
Moxie,2021,6432466,9526,3,6.7,28818,111.0,Comedy,Drama,,1
My Little Pony: A New Generation,2021,10101702,10619,3,6.8,4539,90.0,Adventure,Animation,Comedy,1
Night Teeth,2021,10763820,10114,2,5.7,21657,107.0,Action,Crime,Drama,0
Nightmare Alley,2021,7740496,10186,1,7.0,165940,150.0,Crime,Drama,Thriller,0
No Sudden Move,2021,11525644,10026,3,6.4,41215,115.0,Crime,Drama,Mystery,1
No Time To Die,2021,2382320,10075,2,7.3,446326,163.0,Action,Adventure,Thriller,0
Nobody,2021,7888964,9633,1,7.4,326273,92.0,Action,Crime,Drama,0
Official Competition,2021,11700260,10465,1,7.0,14809,115.0,Comedy,Drama,,0
Old,2021,10954652,9983,3,5.8,162013,108.0,Drama,Horror,Mystery,1
On the Count of Three,2021,11160650,10655,1,7.0,8841,86.0,Comedy,Crime,Drama,0
Oxygen,2021,6341832,9827,3,6.5,44437,100.0,Drama,Fantasy,Sci-Fi,1
Parallel Mothers,2021,12618926,10248,3,7.1,36196,123.0,Drama,,,1
"Paris, 13th District (Les Olympiades, Paris 13e)",2021,12708658,10511,3,7.0,9497,105.0,Comedy,Drama,Romance,1
Passing,2021,8893974,10121,3,6.6,16567,98.0,Drama,Mystery,Thriller,1
Petite Maman,2021,13204490,10144,3,7.4,17845,73.0,Drama,Fantasy,,1
Pig,2021,11003218,9998,0,6.9,90136,92.0,Drama,Mystery,,0
Plan B,2021,13172796,9967,3,6.7,4787,107.0,Comedy,,,1
"Power of the Dog, The",2021,10293406,10202,0,6.8,194406,126.0,Drama,Western,,0
Pushpa: The Rise - Part 1,2021,9389998,10463,2,7.6,87882,179.0,Action,Crime,Drama,0
Queen Bees,2021,8338076,10396,3,6.3,3749,100.0,Comedy,Drama,Romance,1
Queenpins,2021,9054192,10793,3,6.4,23729,110.0,Comedy,Crime,,1
Radhe,2021,10888594,9817,0,1.9,179948,109.0,Action,Crime,Thriller,0
Raya and the Last Dragon,2021,5109280,9504,3,7.3,172552,107.0,Action,Adventure,Animation,1
Red Notice,2021,7991608,10164,1,6.3,319319,118.0,Action,Comedy,Thriller,0
Reminiscence,2021,3272066,10018,2,5.9,65806,116.0,Mystery,Romance,Sci-Fi,0
Respect,2021,2452150,10106,3,6.6,17912,145.0,Biography,Drama,Music,1
"Retreat, The",2021,11392272,10149,3,4.9,1823,82.0,Horror,Thriller,,1
Ride or Die,2021,14164234,10653,1,5.6,2558,142.0,Crime,Drama,Romance,0
Ron&#39;s Gone Wrong,2021,7504818,10256,3,7.1,40567,107.0,Adventure,Animation,Comedy,1
Seal Team,2021,8456190,10319,3,5.6,1827,101.0,Action,Animation,Comedy,1
Secret Agent Dingledorf and His Trusty Dog Splat,2021,10355058,9999,1,5.5,98,89.0,Comedy,Family,,0
Sentinelle,2021,11734264,9574,3,4.8,8708,80.0,Action,Crime,Drama,1
Shang-Chi and the legend of the ten rings,2021,9376612,10037,3,7.4,437544,132.0,Action,Adventure,Fantasy,1
Sing 2,2021,6467266,10230,3,7.3,87803,110.0,Adventure,Animation,Comedy,1
Single All The Way,2021,14315756,10161,3,6.2,19624,99.0,Comedy,Drama,Romance,1
"Souvenir: Part II, The",2021,6992978,10509,3,7.1,4328,107.0,Drama,Romance,,1
Space Jam: A New Legacy,2021,3554046,9973,3,4.5,80623,115.0,Adventure,Animation,Comedy,1
Spencer,2021,12536294,10271,3,6.6,76801,117.0,Biography,Drama,,1
Spider-Man: No Way Home,2021,10872600,10166,3,8.2,883966,148.0,Action,Adventure,Fantasy,1
Spiral: From the Book of Saw,2021,10342730,9882,3,5.2,68639,93.0,Horror,Mystery,Thriller,1
"Starling, The",2021,5164438,10850,3,6.4,15331,102.0,Comedy,Drama,,1
Stowaway,2021,9203694,9670,3,5.7,52662,116.0,Adventure,Sci-Fi,Thriller,1
"Suicide Squad, The",2021,6334354,10004,3,7.2,411474,132.0,Action,Adventure,Comedy,1
Supernova,2021,11169050,11267,2,6.9,14510,95.0,Drama,Romance,,0
Sweet Girl,2021,10731768,10033,3,5.5,35440,110.0,Action,Drama,Thriller,1
Sweetheart,2021,10919362,9505,3,6.4,950,103.0,Comedy,Drama,Romance,1
"Tender Bar, The",2021,3108894,10184,1,6.7,33997,106.0,Biography,Drama,,0
The Worst Person in the World,2021,10370710,10193,3,7.7,98952,128.0,Comedy,Drama,Romance,1
There&#39;s Someone Inside Your House,2021,8150814,10147,3,4.9,19836,96.0,Horror,Mystery,Thriller,1
Those Who Wish Me Dead,2021,3215824,10002,1,6.0,72911,100.0,Action,Drama,Thriller,0
Thunder Force,2021,10121392,9635,3,4.6,45640,106.0,Action,Adventure,Comedy,1
Till Death,2021,11804152,10083,0,5.9,26322,88.0,Thriller,,,0
Titane,2021,10944760,10008,2,6.5,56708,108.0,Drama,Horror,Sci-Fi,0
To All the Boys: Always and Forever,2021,10676012,9971,3,6.3,33483,109.0,Comedy,Drama,Romance,1
"Tomorrow War, The",2021,9777666,9962,2,6.6,228933,138.0,Action,Adventure,Drama,0
"United States vs. Billie Holiday, The",2021,8521718,9599,3,6.3,14710,126.0,Biography,Drama,Music,1
Venom Let there be Carnage,2021,7097896,10092,2,5.9,259967,97.0,Action,Sci-Fi,Thriller,0
West Side Story,2021,3581652,10157,3,7.1,95967,156.0,Crime,Drama,Musical,1
Willy&#39;s Wonderland,2021,8114980,9604,3,5.5,38808,88.0,Action,Comedy,Horror,1
Without Remorse,2021,499097,9830,1,5.8,64774,109.0,Action,Drama,Thriller,0
Yes Day,2021,8521876,10579,3,5.7,30190,86.0,Comedy,Family,,1
"Young Lovers, The",2021,13462472,10514,3,6.4,867,114.0,Drama,Romance,,1
Zack Snyder&#39;s Justice League,2021,12361974,9575,3,7.9,439693,242.0,Action,Adventure,Fantasy,1
"hitman&#146;s apprentice, The",2021,6079772,11263,3,6.1,38458,109.0,Action,Thriller,,1
"innocents , The",2021,4028464,10624,1,7.0,25034,117.0,Drama,Fantasy,Horror,0
the fallout,2021,11847410,10220,3,7.0,34044,96.0,Drama,,,1
tick...tick..BOOM!,2021,8721424,10190,3,7.5,119983,115.0,Biography,Comedy,Drama,1
"355, The",2022,8356942,10195,3,5.6,37968,122.0,Action,Thriller,,1
A Fada do Lar,2022,10541410,10568,3,6.7,186,103.0,Comedy,,,1
A Man Called  Otto,2022,7405458,10689,2,7.5,160213,126.0,Comedy,Drama,,0
"Adam Project, The",2022,2463208,10263,1,6.7,232733,106.0,Action,Adventure,Comedy,0
Against the Ice,2022,13873302,11212,0,6.5,28506,102.0,Adventure,Drama,History,0
All Quiet on the Western Front,2022,1016150,10797,0,7.8,247551,148.0,Action,Drama,War,0
All the old knives,2022,3706352,10436,3,6.1,28747,101.0,Mystery,Thriller,,1
Allra s&iacute;&eth;asta vei&eth;ifer&eth;in,2022,15387742,10308,1,6.5,89,95.0,Comedy,,,0
Ambulance,2022,4998632,10303,2,6.1,99088,136.0,Action,Crime,Drama,0
As bestas,2022,15006566,10534,3,7.5,18581,137.0,Drama,Thriller,,1
Athena,2022,15445056,10535,2,6.8,22470,99.0,Action,Drama,Thriller,0
Avatar: The Way Of Water,2022,1630029,10676,3,7.5,497470,192.0,Action,Adventure,Fantasy,1
Babylon,2022,10640346,10730,3,7.1,169092,189.0,Comedy,Drama,History,1
"Bad Guys, The",2022,8115900,10280,3,6.8,59609,100.0,Adventure,Animation,Comedy,1
Badhaai Do,2022,11934846,10400,3,7.0,21166,147.0,Crime,Drama,,1
"Banshees of Inisherin, The",2022,11813216,10620,3,7.7,254779,114.0,Comedy,Drama,,1
Barbarian,2022,15791034,10551,3,7.0,187296,102.0,Horror,Mystery,Thriller,1
"Batman , The",2022,1877830,10241,3,7.8,791399,176.0,Action,Crime,Drama,1
Beavis and Butt-Head do the Universe,2022,14145426,10384,0,7.0,13325,87.0,Animation,Comedy,Sci-Fi,0
Black Panther: Wakanda Forever,2022,9114286,10609,3,6.7,307293,161.0,Action,Adventure,Drama,1
Blackbird,2022,8246646,10461,1,2.7,583,88.0,Action,Romance,Thriller,0
Blade of the 47 Ronin,2022,12610794,10759,3,4.7,1873,107.0,Action,Drama,Fantasy,1
Blasted,2022,14866710,10428,3,4.8,2573,114.0,Action,Comedy,Sci-Fi,1
Blonde,2022,1655389,10517,2,5.5,72446,167.0,Drama,History,,0
"Bob&#146;s Burgers Movie, The",2022,7466442,10413,3,7.0,21502,102.0,Adventure,Animation,Comedy,1
Bodies Bodies Bodies,2022,8110652,10445,3,6.2,69597,94.0,Comedy,Horror,Mystery,1
Bones and All,2022,10168670,10687,3,6.8,59018,131.0,Drama,Horror,Romance,1
Brahmastra Part One Shiva,2022,6277462,10679,1,5.6,111734,167.0,Action,Adventure,Fantasy,0
Broker,2022,13056052,10699,3,7.1,16901,129.0,Comedy,Crime,Drama,1
Bros,2022,9731598,10643,3,6.4,35307,115.0,Comedy,Romance,,1
"Bubble, The",2022,13610562,10278,3,4.7,28727,126.0,Comedy,,,1
Bullet Train,2022,12593682,10429,1,7.3,437569,127.0,Action,Comedy,Thriller,0
Burning Days (Kurak G&uuml;nler),2022,14859416,10712,1,7.5,12320,129.0,Drama,Thriller,,0
Catherine Called Birdy,2022,11727866,10577,3,6.6,8239,108.0,Adventure,,,1
Catwoman: Hunted,2022,15248702,10237,3,5.6,3541,78.0,Action,Animation,Crime,1
Chip &#39;n Dale: Rescue Rangers,2022,3513500,10372,3,7.0,47155,97.0,Action,Adventure,Animation,1
Cici,2022,22227936,10711,3,7.1,5917,151.0,Drama,,,1
Clerks III,2022,11128440,10549,1,6.2,18764,100.0,Comedy,Drama,,0
Code Name Banshee,2022,15438542,10613,3,3.7,2207,88.0,Action,Thriller,,1
"Confess, Fletch",2022,12718300,10935,3,6.4,20886,98.0,Comedy,Crime,Mystery,1
Crush,2022,15096128,10583,1,6.3,9785,93.0,Comedy,Romance,,0
Dark Glasses,2022,10935560,10484,3,5.1,4352,86.0,Horror,Mystery,Thriller,1
Darlings,2022,14152140,10500,3,6.6,21371,133.0,Comedy,Drama,Thriller,1
Death on the Nile,2022,7657566,10297,3,6.3,189659,127.0,Crime,Drama,Mystery,1
Deep Woods,2022,10373934,10554,1,4.2,181,93.0,Thriller,,,0
"Den siste v&aring;ren (Sister, What Grows Where Land Is Sick?)",2022,21228936,11235,3,6.2,191,80.0,Drama,,,1
Disenchanted,2022,1596342,10621,3,5.6,26562,119.0,Adventure,Animation,Comedy,1
Do Revenge,2022,13327038,10487,3,6.3,50844,118.0,Comedy,Romance,Thriller,1
Doctor Strange in the Multiverse of Madness,2022,9419884,10314,3,6.9,480860,126.0,Action,Adventure,Fantasy,1
Don&#39;t Worry Darling,2022,10731256,10495,3,6.3,148277,123.0,Drama,Mystery,Thriller,1
Dragon Ball Super: Super Hero,2022,14614892,10443,3,7.1,14993,100.0,Action,Adventure,Animation,1
EL Agua,2022,14300504,10741,3,6.0,717,104.0,Drama,,,1
El cuarto pasajero,2022,13932410,10610,0,6.0,1512,99.0,Adventure,Comedy,,0
Elvis,2022,3704428,10386,1,7.3,236086,159.0,Biography,Drama,Music,0
Emergency,2022,13650600,10421,3,6.2,9685,105.0,Comedy,Drama,Thriller,1
Emily the Criminal,2022,15255876,10447,3,6.7,56508,97.0,Crime,Drama,Mystery,1
Enola Holmes 2,2022,14641788,10600,3,6.8,101459,129.0,Action,Adventure,Crime,1
Everything Everywhere All at Once,2022,6710474,10304,3,7.8,536750,139.0,Action,Adventure,Comedy,1
"Fabelmans, The",2022,14208870,10997,2,7.5,117668,151.0,Drama,,,0
Fall,2022,15325794,10827,3,6.4,105482,107.0,Action,Thriller,,1
Fantastic Beasts: The Secrets of Dumbledore,2022,4123432,10327,1,6.2,171447,142.0,Adventure,Family,Fantasy,0
Final Cut,2022,14317880,10563,3,6.4,4574,112.0,Comedy,Horror,,1
Fire Island,2022,15218000,10601,3,6.7,13705,105.0,Comedy,Romance,,1
Flux Gourmet,2022,15010292,10513,3,5.8,3135,111.0,Comedy,Drama,Horror,1
Fresh,2022,13403046,10273,3,6.7,74902,114.0,Horror,Thriller,,1
Gangubai Kathiawadi,2022,10083340,10448,3,7.8,62141,152.0,Biography,Crime,Drama,1
Glass Onion: A Knives Out Mystery,2022,11564570,10680,3,7.1,443995,139.0,Comedy,Crime,Drama,1
Gone in the Night,2022,15426294,10720,2,4.9,5731,90.0,Mystery,Thriller,,0
"Good Nurse, The",2022,4273800,10622,3,6.8,80026,121.0,Biography,Crime,Drama,1
"Good luck to you, Leo Grande",2022,13352968,10366,3,7.2,38009,97.0,Comedy,Drama,,1
Goutte d&#39;Or,2022,14644048,10845,1,5.8,348,98.0,Drama,,,0
Grand Paris,2022,20227026,10849,0,5.9,162,72.0,Comedy,,,0
"Gray Man, The",2022,1649418,10414,2,6.5,240537,122.0,Action,Thriller,,0
Great Yarmouth: Provisional Figures,2022,14888898,10817,3,6.9,243,113.0,Drama,,,1
Guillermo del Toro&#39;s Pinocchio,2022,1488589,10691,1,7.6,113664,117.0,Adventure,Animation,Comedy,0
Halloween Ends,2022,10665342,11002,3,5.0,71746,111.0,Drama,Horror,Mystery,1
Halloween Kills,2022,10665338,10564,3,5.5,98617,105.0,Action,Drama,Horror,1
Hellbender,2022,14905650,10784,3,5.8,6651,86.0,Horror,,,1
Hocus Pocus 2,2022,11909878,10502,3,6.0,52885,103.0,Comedy,Family,Fantasy,1
"House, The",2022,11703050,10397,3,6.8,22716,,Animation,Comedy,Drama,1
"In Between , The",2022,8851148,10290,1,5.9,10250,115.0,Drama,Romance,Sci-Fi,0
Incroyable mais vrai,2022,13145534,10370,1,6.4,4453,74.0,Comedy,Drama,Fantasy,0
"Invitation, The",2022,12873562,10518,3,5.3,32485,105.0,Horror,Thriller,,1
Jaya jaya jaya hey,2022,22027654,11226,3,7.7,5034,145.0,Comedy,Drama,Family,1
Jurassic World Dominion,2022,8041270,10357,3,5.6,207015,147.0,Action,Adventure,Sci-Fi,1
Kimi,2022,14128670,10339,2,6.3,39001,89.0,Crime,Drama,Mystery,0
La montagne,2022,16909478,11245,0,6.1,553,113.0,Adventure,Drama,Fantasy,0
La nuit du 12,2022,16953666,10432,3,7.0,9751,115.0,Crime,Drama,Mystery,1
"Legend of Maula Jatt, The",2022,4139928,10606,3,8.7,10595,153.0,Action,Drama,Fantasy,1
Lightyear,2022,10298810,10371,2,6.1,124358,105.0,Action,Adventure,Animation,0
Look Both Ways,2022,14298328,10464,3,6.3,24142,110.0,Comedy,Drama,Romance,1
"Lost City, The",2022,13320622,10299,3,6.1,159942,112.0,Action,Adventure,Comedy,1
Love and Gelato,2022,15521050,10382,3,5.2,6550,110.0,Comedy,Drama,Romance,1
"Lyle, Lyle Crocodile",2022,14668630,10979,1,6.1,15125,106.0,Adventure,Comedy,Family,0
M3GAN,2022,8760708,10832,3,6.3,143686,102.0,Horror,Sci-Fi,Thriller,1
Mad God,2022,15090124,10444,0,6.8,14924,83.0,Animation,Fantasy,Horror,0
"Man From Toronto, The",2022,11671006,10605,2,5.8,60037,110.0,Action,Adventure,Comedy,0
Marte Um,2022,16377816,10900,3,7.4,2145,115.0,Drama,,,1
Matilda the Musical,2022,3447590,10690,3,7.0,28471,117.0,Comedy,Drama,Family,1
Me Time,2022,14309446,10596,1,5.1,40720,101.0,Comedy,,,0
Men,2022,13841850,10325,3,6.1,64688,100.0,Drama,Fantasy,Horror,1
"Menu, The",2022,9764362,10515,3,7.2,396016,107.0,Comedy,Horror,Thriller,1
Metal Lords,2022,12141112,10368,1,6.7,33051,97.0,Comedy,Music,,0
Minions: the rise of gru,2022,5113044,10408,1,6.5,86438,87.0,Adventure,Animation,Comedy,0
Morbius,2022,5108870,10292,1,5.1,154181,104.0,Action,Adventure,Horror,0
Mrs Harris Goes to Paris,2022,5151570,10410,3,7.1,26654,115.0,Comedy,Drama,,1
My Grandfather&#39;s Demons,2022,11488024,10615,3,7.2,140,90.0,Animation,,,1
My Policeman,2022,13139228,10598,2,6.5,22567,113.0,Drama,Romance,,0
"Nanny, The",2022,10931784,10681,3,5.3,8058,99.0,Drama,Horror,,1
Nayola,2022,3726682,10614,3,7.0,258,83.0,Animation,Drama,Fantasy,1
Night at the Museum: Kahmunrah Rises Again,2022,13623880,10656,3,5.0,2544,77.0,Adventure,Animation,Comedy,1
No Exit,2022,7550014,10242,3,6.1,32974,95.0,Drama,Mystery,Thriller,1
Nope,2022,10954984,10439,1,6.8,268883,130.0,Horror,Mystery,Sci-Fi,0
"Northman, The",2022,11138512,10317,1,7.0,255245,137.0,Action,Adventure,Drama,0
Not Okay,2022,14814040,10451,3,6.1,18931,100.0,Comedy,Drama,Thriller,1
"Novelist&#39;s Film (So-seol-ga-ui Yeong-hwa), The",2022,17146978,10512,3,6.8,1430,92.0,Drama,,,1
One Fine Morning,2022,13482828,10616,3,7.0,7025,112.0,Drama,Romance,,1
One Piece: Film Red,2022,16183464,10627,3,6.8,21213,115.0,Action,Adventure,Animation,1
Pearl,2022,18925334,10516,3,7.0,99066,103.0,Drama,Horror,Thriller,1
Pinocchio,2022,4593060,10501,1,5.1,42355,105.0,Adventure,Comedy,Drama,0
Prey,2022,11866324,10433,3,7.1,228546,100.0,Action,Adventure,Horror,1
Purple Heart,2022,4614584,10651,3,6.7,53687,122.0,Drama,Music,Romance,1
Puss in Boots: The Last Wish,2022,3915174,10692,3,7.8,177170,102.0,Action,Adventure,Animation,1
Qala,2022,14428598,10716,3,7.2,7634,119.0,Drama,Music,,1
"Quiet Girl (An Cail&iacute;n Ci&uacute;in), The",2022,15109082,10510,3,7.7,22478,95.0,Drama,,,1
RRR,2022,8178634,10707,2,7.8,167911,187.0,Action,Adventure,Drama,0
Remains of the Wind,2022,14145004,10567,2,7.1,441,127.0,Drama,,,0
Rise of the Teenage Mutant Ninja Turtles: The Movie,2022,9784708,10943,3,6.2,7058,82.0,Action,Adventure,Animation,1
"Royal Treatment, The",2022,13989030,10214,3,5.2,11461,96.0,Comedy,Family,Romance,1
Ruido (Noise),2022,11306932,10701,3,6.6,1167,105.0,Drama,,,1
Samartian,2022,5500218,10525,1,5.7,55580,102.0,Action,Drama,Fantasy,0
Save the Cinema,2022,12048234,10426,3,6.5,1578,109.0,Comedy,Drama,,1
"School for Good and Evil, The",2022,2935622,10924,3,5.9,36383,147.0,Action,Comedy,Drama,1
Scream,2022,11245972,10221,3,6.3,159790,114.0,Horror,Mystery,Thriller,1
"Sea Beast, The",2022,9288046,10435,3,7.0,58543,115.0,Action,Adventure,Animation,1
Senior Year,2022,5315212,10323,3,5.5,44044,111.0,Comedy,Drama,,1
Sharp Stick,2022,14158346,11053,3,4.9,2127,92.0,Comedy,,,1
Skinamarink,2022,21307994,10964,0,4.8,15910,100.0,Horror,Mystery,,0
Smile,2022,15474916,10532,3,6.5,163807,115.0,Horror,Mystery,Thriller,1
Sonic the Hedgehog 2,2022,12412888,10279,3,6.5,88266,122.0,Action,Adventure,Comedy,1
Spiderhead,2022,9783600,10365,1,5.5,66675,106.0,Action,Crime,Drama,0
Spirited,2022,10999120,10646,3,6.6,50432,127.0,Comedy,Family,Musical,1
Strange World,2022,10298840,10750,3,5.7,46061,102.0,Action,Adventure,Animation,1
"Stranger, The",2022,11897478,10595,3,6.6,26667,117.0,Crime,Drama,Thriller,1
Suzume,2022,16428256,10974,3,7.6,40760,122.0,Action,Adventure,Animation,1
Talk To Me,2022,10638522,10993,3,7.1,147980,95.0,Horror,Thriller,,1
Tar,2022,14444726,10586,3,7.4,94449,158.0,Drama,Music,,1
Teen Titans Go! &amp; DC Super Hero Girls: Mayhem in the Multiverse,2022,18250460,10387,3,5.3,716,79.0,Action,Adventure,Animation,1
Terrifier 2,2022,10403420,10580,3,6.1,47316,138.0,Horror,,,1
Texas Chainsaw Massacre,2022,11755740,10257,3,4.7,61898,81.0,Crime,Horror,Thriller,1
Thirteen Lives,2022,12262116,10441,0,7.8,68087,147.0,Biography,Drama,Thriller,0
Thor: Love and Thunder,2022,10648342,10395,3,6.2,403431,118.0,Action,Adventure,Comedy,1
Top Gun: Maverick,2022,1745960,10333,3,8.2,703747,130.0,Action,Drama,,1
Tout le monde aime Jeanne,2022,14913250,10536,3,6.4,1915,95.0,Comedy,Drama,Romance,1
Triangle of Sadness,2022,7322224,10508,3,7.3,180408,147.0,Comedy,Drama,,1
Turning Red,2022,8097030,10251,3,7.0,153584,100.0,Adventure,Animation,Comedy,1
Umma,2022,13235822,10243,3,4.7,10641,83.0,Drama,Horror,Mystery,1
"Unbearable Weight of Massive Talent, The",2022,11291274,10683,3,7.0,153124,107.0,Action,Comedy,Crime,1
Uncharted,2022,1464335,10226,2,6.3,261552,116.0,Action,Adventure,,0
Vamos a la playa,2022,21986288,11232,3,5.9,136,91.0,Drama,Romance,,1
Violent Night,2022,12003946,11176,3,6.7,99520,112.0,Action,Comedy,Thriller,1
"Weekend Away, The",2022,14817272,10262,3,5.7,30066,89.0,Crime,Drama,Mystery,1
Weird: The Al Yankovic Story,2022,17076046,10617,1,6.9,38887,108.0,Biography,Comedy,Crime,0
Wendell &amp; Wild,2022,5181830,10641,3,6.4,12950,105.0,Adventure,Animation,Comedy,1
"Whale, The",2022,13833688,10787,2,7.7,213163,117.0,Drama,,,0
What&#39;s Love Got to Do with It,2022,13430858,10734,1,6.3,10138,108.0,Comedy,Drama,Romance,0
Where the Crawdads Sing,2022,9411972,10678,3,7.2,125795,125.0,Drama,Mystery,Romance,1
White Noise,2022,6160448,10698,3,5.7,44737,136.0,Comedy,Drama,Horror,1
"Woman King, The",2022,8093700,10561,3,6.9,73594,135.0,Action,Drama,History,1
Women Talking,2022,13669038,10801,3,6.9,42286,104.0,Drama,,,1
X,2022,13560574,10369,3,6.5,175728,105.0,Horror,Mystery,Thriller,1
Your Christmas or Mine?,2022,21994906,10657,3,6.4,10053,95.0,Comedy,Romance,,1
the swimmers,2022,8745676,10726,3,7.4,36332,134.0,Biography,Drama,Sport,1
the wonder,2022,9288822,10695,3,6.6,44516,108.0,Drama,Mystery,Thriller,1
65,2023,12261776,10804,2,5.4,88846,93.0,Action,Adventure,Drama,0
A Beautiful Life,2023,15282148,11199,3,6.4,7840,98.0,Drama,Music,Romance,1
Air,2023,16419074,10843,0,7.4,169171,111.0,Drama,Sport,,0
All of us strangers,2023,21192142,11278,0,7.7,49353,105.0,Drama,Fantasy,Romance,0
Anatomie d&#39;une chute,2023,17009710,11010,3,7.7,129284,151.0,Crime,Drama,Thriller,1
Ant-Man and the Wasp: Quantumania,2023,10954600,10756,3,6.1,229943,124.0,Action,Adventure,Comedy,1
Anyone but you,2023,26047818,11300,3,6.1,86555,103.0,Comedy,Romance,,1
Are You There God? It&#39;s Me Margaret,2023,9185206,10897,3,7.3,28095,106.0,Comedy,Drama,Family,1
Ast&eacute;rix et Ob&eacute;lix: L&#39;Empire du Milieu,2023,11210390,10936,3,5.1,10256,112.0,Adventure,Comedy,Family,1
Asteroid City,2023,14230388,10963,3,6.5,115251,105.0,Comedy,Drama,Romance,1
Bad Living,2023,14007288,10914,3,6.7,594,127.0,Drama,,,1
Barbie,2023,1517268,10956,3,6.8,543784,114.0,Adventure,Comedy,Fantasy,1
Beau is Afraid,2023,13521006,10991,2,6.7,61583,179.0,Comedy,Drama,Horror,0
BlackBerry,2023,21867434,11210,1,7.4,44579,120.0,Biography,Comedy,Drama,0
Blue Beetle,2023,9362930,10986,3,6.0,96344,127.0,Action,Adventure,Sci-Fi,1
"Book of Clarence , The",2023,22866358,11230,1,5.7,5347,129.0,Adventure,Comedy,Drama,0
Bottoms,2023,17527468,10994,3,6.7,43216,91.0,Comedy,,,1
"Boy and The Heron, The",2023,6587046,11202,1,7.6,52339,124.0,Adventure,Animation,Drama,0
"Boys in the Boat, The",2023,1856080,11231,1,6.9,16770,123.0,Biography,Drama,Sport,0
Champions,2023,15339570,10977,0,6.8,26373,124.0,Comedy,Drama,Sport,0
Chicken Run: Dawn of the Nugget,2023,8337264,11205,3,6.4,23028,98.0,Adventure,Animation,Comedy,1
Chien de la casse,2023,18550220,11275,1,7.0,2222,93.0,Comedy,Drama,,0
Christmas with Jerks,2023,27649527,11237,3,7.0,46,86.0,Comedy,Romance,,1
Chupa,2023,14923260,10860,0,5.5,7340,95.0,Action,Adventure,Drama,0
Cocaine Bear,2023,14209916,10779,3,5.9,108195,95.0,Comedy,Thriller,,1
"Color Purple, The",2023,1200263,11244,3,6.8,16201,141.0,Drama,Musical,,1
Conann,2023,16090596,11191,3,5.9,479,105.0,Action,Fantasy,,1
Concrete Utopia,2023,13086266,10990,3,6.7,5627,130.0,Action,Adventure,Drama,1
"Creator, The",2023,11858890,11063,3,6.7,163311,133.0,Action,Adventure,Drama,1
Creed 3,2023,11145118,10835,3,6.7,93590,116.0,Action,Drama,Sport,1
Demon Slayer: Kimetsu No Yaiba - To the Swordsmith Village,2023,26537229,10854,3,7.5,11468,110.0,Action,Adventure,Animation,1
Dungeons &amp; Dragons: Honour Among Thieves,2023,2906216,10837,3,7.2,227200,134.0,Action,Adventure,Comedy,1
Elemental,2023,15789038,11201,3,7.0,128448,101.0,Adventure,Animation,Comedy,1
"Equalizer 3, The",2023,17024450,11306,1,6.8,119948,109.0,Action,Crime,Thriller,0
Evil Dead Rise,2023,13345606,10879,3,6.5,138196,96.0,Horror,,,1
Explanation For Everything,2023,27788968,11297,2,7.7,1496,151.0,Drama,,,0
Fast X,2023,5433140,10917,3,5.8,120607,141.0,Action,Adventure,Crime,1
Five Nights at Freddy&#39;s,2023,4589218,11145,2,5.5,94932,109.0,Horror,Mystery,Thriller,0
Flamin&#146; Hot,2023,8105234,11273,1,6.7,17206,99.0,Biography,Drama,History,0
"Flash, The",2023,439572,10929,1,6.7,212243,144.0,Action,Adventure,Fantasy,0
Four Daughters,2023,27502426,10953,3,7.3,2934,107.0,Documentary,,,1
"G, The",2023,29486765,11154,1,7.6,31,106.0,Crime,Thriller,,0
Ghosted,2023,15326988,10958,2,5.8,63182,116.0,Action,Adventure,Comedy,0
Godzilla Minus One,2023,23289160,11208,3,7.9,78028,124.0,Action,Adventure,Drama,1
Gran Turismo,2023,4495098,11268,1,7.1,102547,134.0,Action,Adventure,Drama,0
Guardians of the Galaxy Vol. 3,2023,6791350,10971,3,7.9,383567,150.0,Action,Adventure,Comedy,1
Happiness for Beginners,2023,15509244,10976,3,6.1,18557,103.0,Comedy,Drama,Romance,1
Haunted Mansion,2023,1695843,10996,3,6.0,43191,123.0,Comedy,Drama,Family,1
Heart of Stone,2023,13603966,10984,3,5.7,59783,122.0,Action,Crime,Thriller,1
"Holdovers, The",2023,14849194,11222,2,7.9,146129,133.0,Comedy,Drama,,0
"Hunger Games: The Ballad of Songbirds &amp; Snakes, The",2023,10545296,11166,3,6.7,121909,157.0,Action,Adventure,Drama,1
I Hate You to Death,2023,29975574,11221,3,6.9,87,107.0,Thriller,,,1
InCar,2023,26744173,10923,1,5.8,113,119.0,Drama,Thriller,,0
Indiana Jones and the Dial of Destiny,2023,1462764,10940,1,6.5,200584,154.0,Action,Adventure,Sci-Fi,0
Infinity Pool,2023,10365998,10737,2,6.0,57399,117.0,Crime,Horror,Mystery,0
Insidious: The Red Door,2023,13405778,11269,2,5.5,51276,107.0,Horror,Mystery,Thriller,0
"Iron Claw, The",2023,21064584,11211,3,7.6,67419,132.0,Biography,Drama,Sport,1
It Lives Inside,2023,15683734,11041,3,5.2,7342,99.0,Drama,Horror,Thriller,1
Jawan,2023,15354916,11207,3,7.0,95558,169.0,Action,Crime,Drama,1
Je verrai toujours vos visages,2023,24070754,10912,3,7.6,3280,118.0,Drama,,,1
Je&#39;vida,2023,22263934,11152,3,7.5,153,100.0,Drama,History,,1
Jules,2023,15428940,10972,3,6.8,11124,87.0,Comedy,Drama,Sci-Fi,1
Killers of the Flower Moon,2023,5537002,11151,1,7.6,244594,206.0,Crime,Drama,History,0
Kuolleet lehdet,2023,21027780,11048,2,7.3,24473,81.0,Comedy,Drama,Romance,0
La Sociedad de la Nieve,2023,16277242,11283,0,7.8,135692,144.0,Adventure,Biography,Drama,0
Leo,2023,15654328,11173,3,7.2,59349,164.0,Action,Crime,Drama,1
Les choses simples,2023,25971180,10785,1,6.4,695,95.0,Comedy,,,0
"Little Mermaid, The",2023,5971474,10926,3,7.2,156854,135.0,Adventure,Family,Fantasy,1
Liu lang di qiu 2,2023,13539646,10918,1,6.8,13734,173.0,Action,Adventure,Drama,0
Living Bad,2023,26440896,10915,3,6.8,391,124.0,Drama,,,1
"Marvels, The",2023,10676048,11169,3,5.5,127296,105.0,Action,Adventure,Fantasy,1
May December,2023,13651794,11197,3,6.8,54463,117.0,Drama,,,1
Missing,2023,10855768,10754,3,7.1,59340,111.0,Drama,Mystery,Thriller,1
Mission: Impossible - Dead Reckoning Part 1,2023,9603212,10950,3,7.7,250141,163.0,Action,Adventure,Thriller,1
My Christmas Hero,2023,27542956,11184,2,6.5,660,84.0,Drama,Family,Romance,0
My Fault,2023,21909764,11321,1,6.2,24408,117.0,Drama,Romance,,0
Nimona,2023,19500164,10941,3,7.5,49532,101.0,Action,Adventure,Animation,1
No Hard Feelings,2023,15671028,10948,3,6.4,162827,103.0,Comedy,Romance,,1
Nowhere,2023,15789472,11172,3,6.3,36300,109.0,Drama,Thriller,,1
Nyad,2023,5302918,11144,3,7.1,37780,121.0,Biography,Drama,Sport,1
Oppenheimer,2023,15398776,10957,2,8.3,744255,180.0,Biography,Drama,History,0
Our Drawings,2023,31038420,11295,3,1.3,153,61.0,Adventure,Animation,,1
PAW Patrol: The Mighty Movie,2023,15837338,11193,3,5.9,5034,88.0,Action,Adventure,Animation,1
Past Lives,2023,13238346,11209,3,7.9,118910,105.0,Drama,Romance,,1
Pathaan,2023,12844910,10728,3,5.8,156673,146.0,Action,Adventure,Thriller,1
"Perfect Find, The",2023,8400584,10961,3,5.2,3168,99.0,Comedy,Drama,Romance,1
Polite Society,2023,18257464,10978,3,6.6,10403,104.0,Action,Comedy,,1
Poor Things,2023,14230458,11259,3,7.9,266575,141.0,Comedy,Drama,Romance,1
"Portable Door, The",2023,11820950,11009,3,6.1,9686,116.0,Adventure,Comedy,Fantasy,1
"Priest&#39;s Exorcist, The",2023,13375076,10987,3,6.1,84227,103.0,Horror,Thriller,,1
Quiz Lady,2023,13405810,11150,3,6.7,19611,99.0,Comedy,,,1
Reality,2023,24068064,10947,0,6.7,21105,83.0,Drama,,,0
Reflect,2023,14966324,10751,3,7.5,40,,Comedy,Sci-Fi,Thriller,1
Renaissance: A Film by Beyonc&eacute;,2023,29354040,11178,3,8.6,3389,169.0,Documentary,Music,,1
Renfield,2023,11358390,10975,3,6.4,96722,93.0,Action,Comedy,Fantasy,1
Reptile,2023,13274016,11093,2,6.8,89113,134.0,Crime,Drama,Mystery,0
Resident Evil: Death Island,2023,26674627,11181,3,5.7,8917,91.0,Action,Animation,Horror,1
"Royal Hotel, The",2023,18363072,11171,3,5.8,9713,91.0,Thriller,,,1
SCREAM VI,2023,17663992,10809,3,6.5,120491,122.0,Horror,Mystery,Thriller,1
Saltburn,2023,17351924,11290,3,7.0,210407,131.0,Drama,Thriller,,1
Saw X,2023,21807222,11049,3,6.6,76035,118.0,Horror,Mystery,Thriller,1
Second tour,2023,27851639,11164,2,6.3,848,95.0,Comedy,,,0
Slotherhouse,2023,15422224,11015,3,4.6,4171,93.0,Comedy,Horror,Thriller,1
Spider-Man: Across the Spider-Verse,2023,9362722,10938,3,8.6,374935,140.0,Action,Adventure,Animation,1
Spy Kids: Armageddon,2023,13978520,11047,3,4.3,3341,97.0,Action,Comedy,Family,1
"Super Mario Bros. Movie, The",2023,6718170,10839,1,7.0,239051,92.0,Adventure,Animation,Comedy,0
Tarla,2023,27816768,10973,3,6.8,4529,127.0,Biography,Comedy,Drama,1
Tetris,2023,12758060,10896,3,7.4,84998,118.0,Biography,Drama,History,1
"Thank You, I&#146;m sorry",2023,23735436,11220,3,6.1,1182,90.0,Comedy,Drama,,1
Theater Camp,2023,21232992,11051,3,6.9,16445,92.0,Comedy,,,1
Trolls Band Together,2023,14362112,11260,3,6.0,14028,91.0,Adventure,Animation,Comedy,1
Wahou!,2023,24799686,11233,3,5.7,423,90.0,Comedy,,,1
Wicked Little Letters,2023,20234774,11323,3,7.0,13061,100.0,Comedy,Crime,Drama,1
Wingwomen,2023,21638298,11214,3,5.7,6486,116.0,Action,Comedy,Crime,1
Winnie-the-Pooh: Blood and Honey,2023,19623240,10995,3,2.9,28826,84.0,Horror,,,1
Wonka,2023,6166392,11200,3,7.0,145765,116.0,Adventure,Comedy,Family,1
"Young Arsonists, The",2023,9583840,10930,3,6.4,40,97.0,Drama,,,1
"Zone of Interest, The",2023,7160372,11266,3,7.4,91649,105.0,Drama,History,War,1
Argylle,2024,15009428,11270,3,5.7,72051,139.0,Action,Comedy,Thriller,1
"Beekeeper, The",2024,15314262,11240,3,6.4,96635,105.0,Action,Thriller,,1
Cabrini,2024,14351082,11289,1,7.5,4825,142.0,Biography,Drama,,0
Damsel,2024,13452446,11299,3,6.1,86210,110.0,Action,Adventure,Fantasy,1
Drive-Away Dolls,2024,19356262,11318,3,5.5,13652,84.0,Action,Comedy,Thriller,1
Dune: Part Two,2024,15239678,11277,3,8.6,420061,166.0,Action,Adventure,Drama,1
Ghostbusters: Frozen Empire,2024,21235248,11302,3,6.2,45119,115.0,Adventure,Comedy,Fantasy,1
Godzilla x Kong: New Empire,2024,14539740,11317,3,6.2,63337,115.0,Action,Adventure,Fantasy,1
Imaginary,2024,26658104,11322,1,4.7,10469,104.0,Horror,Mystery,Thriller,0
Kung Fu Panda 4,2024,21692408,11293,3,6.3,39606,94.0,Action,Adventure,Animation,1
Lisa Frankenstein,2024,21188080,11276,2,6.1,16176,101.0,Comedy,Horror,Romance,0
Love Lies Bleeding,2024,19637052,11294,3,6.7,23333,104.0,Action,Adventure,Crime,1
Mean Girls,2024,11762114,11271,3,5.7,28257,112.0,Comedy,Musical,,1
Megamind vs. The Doom Syndicate,2024,31122323,11280,3,2.4,4076,83.0,Action,Adventure,Animation,1
Road House,2024,3359350,11303,3,6.2,125714,121.0,Action,Thriller,,1
